{"last_download_success": 1662557150.217508, "unseen_downloads": ["/home/jy/.config/variety/Downloaded/Unsplash/photo-1661627152470-881a70a95a63.jpg", "/home/jy/.config/variety/Downloaded/Unsplash/photo-1661552452062-887aabdee31e.jpg", "/home/jy/.config/variety/Downloaded/Unsplash/photo-1653478986501-61b22a3362ac.jpg", "/home/jy/.config/variety/Downloaded/Unsplash/photo-1661105029962-898acb801f18.jpg", "/home/jy/.config/variety/Downloaded/Unsplash/photo-1652067904796-9f5af0490643.jpg", "/home/jy/.config/variety/Downloaded/Unsplash/photo-1653045649098-4fa866974b43.jpg", "/home/jy/.config/variety/Downloaded/Unsplash/photo-1652423469578-3a26ae4ec4b5.jpg", "/home/jy/.config/variety/Downloaded/Unsplash/photo-1652887974251-a12a7a05a725.jpg", "/home/jy/.config/variety/Downloaded/Unsplash/photo-1652245341837-44fe516f01d7.jpg", "/home/jy/.config/variety/Downloaded/Unsplash/photo-1653620007138-80269230932f.jpg", "/home/jy/.config/variety/Downloaded/Unsplash/photo-1653042656691-54e8c571c374.jpg"], "last_download_failure": 1654565766.2453392}